filename,distance
image_0042.jpg,0.03
image_0948.jpg,1311.88
image_0955.jpg,1320.03
image_1006.jpg,1383.49
image_0597.jpg,1557.51
image_1031.jpg,1628.08
image_0858.jpg,1888.26
image_0104.jpg,2047.71
image_0316.jpg,2202.31
image_0896.jpg,2206.42
image_1292.jpg,2223.91
image_0071.jpg,2274.14
image_0257.jpg,2311.47
image_0363.jpg,2379.81
image_0612.jpg,2456.88
image_0894.jpg,2634.94
image_0566.jpg,2686.79
image_1155.jpg,2731.15
image_0084.jpg,2742.29
image_0468.jpg,2931.33
image_0411.jpg,2931.82
image_0020.jpg,2949.87
image_0587.jpg,3004.89
image_0596.jpg,3008.04
image_1013.jpg,3148.07
image_0593.jpg,3261.48
image_0457.jpg,3275.5
image_0089.jpg,3312.71
image_0452.jpg,3325.33
image_0910.jpg,3333.37
image_0937.jpg,3355.95
image_0912.jpg,3483.73
image_0594.jpg,3516.21
image_1325.jpg,3675.91
image_0500.jpg,3682.31
image_0291.jpg,3733.5
image_0040.jpg,3811.93
image_1287.jpg,3887.95
image_0066.jpg,4115.57
image_0096.jpg,4150.61
image_0874.jpg,4170.88
image_0526.jpg,4323.5
image_1164.jpg,4459.25
image_0197.jpg,4480.14
image_0111.jpg,4590.54
image_0855.jpg,4676.75
image_0820.jpg,4677.48
image_1014.jpg,4902.09
image_0142.jpg,4978.43
image_0545.jpg,5198.54
image_0075.jpg,5338.6
image_1258.jpg,6097.69
image_0246.jpg,6110.98
image_0720.jpg,6141.17
image_0688.jpg,6258.06
image_0007.jpg,6351.39
image_0001.jpg,6383.15
image_0992.jpg,6389.39
image_1011.jpg,6389.94
image_0011.jpg,6471.34
image_0067.jpg,6550.4
image_1112.jpg,6631.35
image_0121.jpg,6720.22
image_0867.jpg,6754.7
image_0535.jpg,6985.65
image_0846.jpg,6993.16
image_1286.jpg,7171.66
image_1162.jpg,7374.22
image_0051.jpg,7415.18
image_0028.jpg,7417.09
image_0259.jpg,7472.88
image_0101.jpg,7536.03
image_0375.jpg,7569.41
image_0576.jpg,7580.39
image_1201.jpg,7621.44
image_0790.jpg,8010.31
image_1354.jpg,8157.88
image_0030.jpg,8410.62
image_0358.jpg,8557.34
image_0805.jpg,8611.73
image_0668.jpg,8616.35
image_1122.jpg,8688.35
image_0122.jpg,8748.25
image_1319.jpg,8965.38
image_0158.jpg,8987.9
image_0808.jpg,9046.29
image_0602.jpg,9060.25
image_1015.jpg,9109.65
image_0322.jpg,9116.32
image_0922.jpg,9454.95
image_1308.jpg,9551.13
image_0145.jpg,9835.72
image_0817.jpg,10030.92
image_1236.jpg,10300.36
image_0562.jpg,10457.55
image_1181.jpg,10790.95
image_0620.jpg,10890.88
image_0845.jpg,10901.06
image_1088.jpg,11014.56
image_0065.jpg,11771.65
image_0181.jpg,11789.37
image_0296.jpg,11948.02
image_0333.jpg,12325.78
image_0598.jpg,12337.33
image_0942.jpg,12508.78
image_1126.jpg,12616.65
image_0420.jpg,12696.28
image_0216.jpg,12761.21
image_0023.jpg,12968.78
image_0057.jpg,13229.1
image_0852.jpg,13236.21
image_0868.jpg,13413.39
image_0827.jpg,13464.34
image_0616.jpg,13810.21
image_0705.jpg,13873.48
image_0208.jpg,13954.14
image_0166.jpg,14151.97
image_0171.jpg,14164.94
image_0013.jpg,14306.61
image_0245.jpg,14503.86
image_0162.jpg,14855.15
image_0239.jpg,15155.35
image_0199.jpg,15243.56
image_0697.jpg,15403.03
image_0582.jpg,15507.76
image_1129.jpg,15716.49
image_0591.jpg,15718.83
image_0938.jpg,15818.19
image_0141.jpg,15961.04
image_0739.jpg,15984.79
image_1166.jpg,16074.2
image_1072.jpg,16143.41
image_1151.jpg,16296.81
image_1170.jpg,16302.17
image_0692.jpg,16562.98
image_0210.jpg,16697.44
image_0684.jpg,16910.1
image_1306.jpg,16994.47
image_0314.jpg,16999.65
image_0905.jpg,17220.33
image_0359.jpg,17319.5
image_0802.jpg,17397.81
image_0841.jpg,17397.84
image_0345.jpg,17533.18
image_0949.jpg,17619.58
image_0901.jpg,17671.56
image_0994.jpg,17683.51
image_0022.jpg,17749.51
image_0497.jpg,18030.86
image_0202.jpg,18834.77
image_0097.jpg,19232.53
image_0185.jpg,19374.34
image_1134.jpg,19410.04
image_0461.jpg,19679.57
image_0529.jpg,20067.25
image_0918.jpg,20202.38
image_1246.jpg,20306.96
image_0575.jpg,20349.19
image_1098.jpg,20453.09
image_0352.jpg,20536.89
image_1357.jpg,20733.08
image_1336.jpg,21012.86
image_0112.jpg,21096.74
image_0487.jpg,21241.78
image_1058.jpg,21350.37
image_0847.jpg,22501.88
image_0821.jpg,22504.6
image_0850.jpg,23015.96
image_0823.jpg,23033.43
image_0738.jpg,23373.97
image_0727.jpg,23815.71
image_1158.jpg,24077.5
image_0752.jpg,24471.49
image_0222.jpg,24520.3
image_1082.jpg,24618.94
image_0761.jpg,24748.13
image_0144.jpg,25255.48
image_0016.jpg,25302.71
image_0604.jpg,25449.11
image_0063.jpg,25691.08
image_0031.jpg,25693.33
image_0637.jpg,25962.91
image_0048.jpg,26132.53
image_0014.jpg,26136.93
image_0588.jpg,26207.44
image_0326.jpg,26604.08
image_0386.jpg,26634.78
image_0914.jpg,27337.94
image_0528.jpg,27381.48
image_0068.jpg,27418.8
image_0078.jpg,27532.44
image_0074.jpg,27577.5
image_1217.jpg,27877.74
image_0207.jpg,28118.51
image_1045.jpg,28469.21
image_0315.jpg,28563.85
image_1210.jpg,29012.16
image_0033.jpg,29804.54
image_0046.jpg,29804.64
image_0741.jpg,30167.22
image_1348.jpg,30397.03
image_0050.jpg,30799.44
image_0676.jpg,30800.59
image_1105.jpg,30974.29
image_0261.jpg,31232.83
image_0091.jpg,31641.59
image_1262.jpg,32097.78
image_1176.jpg,32277.65
image_1142.jpg,32348.32
image_0754.jpg,32667.21
image_1300.jpg,32837.67
image_1323.jpg,32958.67
image_0019.jpg,33116.24
image_0904.jpg,33776.93
image_0737.jpg,34017.91
image_0611.jpg,34057.94
image_1239.jpg,34110.63
image_0327.jpg,34761.34
image_0382.jpg,34868.89
image_0383.jpg,35593.45
image_0836.jpg,35732.82
image_0862.jpg,35739.84
image_1066.jpg,35783.21
image_1296.jpg,36072.18
image_0010.jpg,36680.74
image_0292.jpg,36768.85
image_0925.jpg,36887.13
image_0161.jpg,37326.15
image_0432.jpg,37378.94
image_0449.jpg,37650.9
image_0387.jpg,37716.13
image_1068.jpg,37788.06
image_1121.jpg,37933.85
image_1209.jpg,37938.71
image_0098.jpg,37965.57
image_0881.jpg,38263.24
image_0619.jpg,38434.41
image_0603.jpg,39034.76
image_0276.jpg,39307.16
image_0047.jpg,39627.23
image_0384.jpg,39873.23
image_0549.jpg,39884.77
image_0978.jpg,39920.73
image_0875.jpg,40305.5
image_0213.jpg,40561.35
image_0967.jpg,40871.65
image_0490.jpg,41517.93
image_0447.jpg,42082.88
image_0421.jpg,42113.82
image_0388.jpg,42409.23
image_0297.jpg,43414.9
image_0167.jpg,43730.83
image_0569.jpg,43837.32
image_1331.jpg,45047.31
image_0920.jpg,45309.4
image_0650.jpg,45439.22
image_0652.jpg,45480.51
image_0127.jpg,45622.66
image_0116.jpg,45831.1
image_0639.jpg,46037.86
image_0465.jpg,46258.53
image_0804.jpg,46409.08
image_1135.jpg,46971.16
image_1222.jpg,47152.45
image_1133.jpg,48085.96
image_0902.jpg,48438.73
image_0822.jpg,48442.86
image_0039.jpg,48515.02
image_0391.jpg,48781.88
image_0060.jpg,49259.51
image_0801.jpg,49444.54
image_0765.jpg,49939.5
image_0731.jpg,50027.06
image_0506.jpg,50177.11
image_0493.jpg,50198.22
image_1157.jpg,50298.53
image_0277.jpg,50486.14
image_0638.jpg,50559.32
image_1108.jpg,50723.2
image_1067.jpg,50862.68
image_1087.jpg,51095.04
image_1299.jpg,51265.61
image_0228.jpg,51376.46
image_0843.jpg,51860.83
image_0070.jpg,52068.78
image_0501.jpg,52145.44
image_1179.jpg,52264.39
image_1220.jpg,53252.1
image_0876.jpg,53384.0
image_0581.jpg,54262.0
image_0590.jpg,54447.1
image_0830.jpg,54918.34
image_1029.jpg,55281.5
image_0334.jpg,55613.81
image_1010.jpg,55636.41
image_0760.jpg,56063.73
image_1200.jpg,56153.36
image_0947.jpg,56632.24
image_1172.jpg,56682.77
image_0339.jpg,57541.8
image_0396.jpg,58799.07
image_0006.jpg,58841.29
image_0849.jpg,58928.04
image_0552.jpg,59644.51
image_1314.jpg,59836.15
image_0120.jpg,59856.07
image_0595.jpg,60229.0
image_0964.jpg,60278.05
image_0609.jpg,60496.06
image_1337.jpg,61094.38
image_0810.jpg,61828.09
image_0062.jpg,62054.5
image_0719.jpg,62905.14
image_0034.jpg,64239.42
image_1026.jpg,64870.13
image_0797.jpg,65209.96
image_0815.jpg,65250.26
image_0974.jpg,65396.54
image_0943.jpg,66092.54
image_0568.jpg,66608.21
image_1103.jpg,66615.26
image_0895.jpg,67271.7
image_0990.jpg,68270.1
image_0892.jpg,68750.22
image_0088.jpg,68878.38
image_0975.jpg,68905.77
image_1137.jpg,68905.92
image_0349.jpg,69100.64
image_0880.jpg,69587.34
image_0095.jpg,69997.39
image_0853.jpg,70223.72
image_0832.jpg,70239.22
image_0149.jpg,70343.27
image_0137.jpg,70437.61
image_0093.jpg,70721.28
image_0494.jpg,70835.94
image_0118.jpg,71425.45
image_0715.jpg,71790.1
image_0557.jpg,72937.09
image_0886.jpg,73462.2
image_0376.jpg,73653.59
image_0956.jpg,73943.61
image_0139.jpg,73961.56
image_1145.jpg,74309.39
image_0537.jpg,74879.52
image_0186.jpg,75154.19
image_0773.jpg,75873.38
image_0353.jpg,75919.42
image_0903.jpg,75940.2
image_0919.jpg,76019.88
image_1264.jpg,76169.11
image_1215.jpg,78084.8
image_0946.jpg,78208.41
image_0689.jpg,78545.1
image_0054.jpg,78941.01
image_0610.jpg,79246.51
image_1107.jpg,79374.92
image_0647.jpg,79563.02
image_1226.jpg,79587.4
image_1248.jpg,79594.38
image_0626.jpg,79851.47
image_0939.jpg,80916.09
image_0191.jpg,81220.36
image_0073.jpg,82333.63
image_0430.jpg,82469.28
image_0856.jpg,82570.61
image_0811.jpg,82612.35
image_1188.jpg,83645.33
image_0092.jpg,84386.3
image_0685.jpg,85651.75
image_1169.jpg,86081.81
image_1132.jpg,86436.52
image_0036.jpg,86519.72
image_0085.jpg,86895.85
image_0859.jpg,87281.09
image_0763.jpg,87456.88
image_0800.jpg,88095.12
image_0785.jpg,88234.2
image_0848.jpg,88279.96
image_0828.jpg,88303.93
image_0553.jpg,88377.48
image_1078.jpg,88912.75
image_1275.jpg,89082.5
image_0944.jpg,91336.86
image_0507.jpg,91440.38
image_0132.jpg,91635.46
image_1036.jpg,91928.54
image_0483.jpg,92445.38
image_0599.jpg,92559.49
image_1245.jpg,93031.45
image_1214.jpg,93083.66
image_1303.jpg,93703.22
image_1211.jpg,94485.05
image_0032.jpg,94509.92
image_1271.jpg,94776.47
image_0996.jpg,94848.44
image_0826.jpg,95194.5
image_0570.jpg,95559.35
image_1060.jpg,95631.49
image_0169.jpg,95932.01
image_0365.jpg,95953.64
image_1136.jpg,96518.1
image_0941.jpg,96766.63
image_0794.jpg,97231.66
image_1231.jpg,97321.91
image_0573.jpg,97327.26
image_0818.jpg,97335.91
image_0021.jpg,97391.24
image_0677.jpg,98700.11
image_1004.jpg,99382.47
image_0200.jpg,99611.56
image_1277.jpg,100799.54
image_0527.jpg,100838.87
image_0491.jpg,101124.15
image_0555.jpg,101175.04
image_1342.jpg,101220.82
image_0625.jpg,102603.9
image_1241.jpg,103240.52
image_1356.jpg,103411.5
image_0768.jpg,103834.74
image_0541.jpg,103869.89
image_0499.jpg,106969.68
image_0130.jpg,108956.66
image_1075.jpg,109076.64
image_0513.jpg,109098.77
image_0798.jpg,109662.91
image_0318.jpg,110221.98
image_0795.jpg,110394.8
image_1332.jpg,111531.67
image_0056.jpg,111800.04
image_0558.jpg,112613.58
image_0601.jpg,112795.17
image_1063.jpg,112940.69
image_1052.jpg,113100.1
image_0869.jpg,113183.14
image_1081.jpg,113405.16
image_0495.jpg,113534.37
image_0114.jpg,114004.9
image_1110.jpg,114452.22
image_0614.jpg,114936.24
image_1235.jpg,115009.39
image_1259.jpg,116081.02
image_0873.jpg,116167.81
image_0133.jpg,116983.24
image_0485.jpg,117142.34
image_0283.jpg,117942.62
image_0696.jpg,117949.55
image_1265.jpg,119211.37
image_1316.jpg,119627.44
image_0629.jpg,119802.98
image_1023.jpg,119921.26
image_0952.jpg,120377.37
image_1037.jpg,120390.77
image_0608.jpg,120565.2
image_1148.jpg,122113.95
image_0044.jpg,124552.25
image_1282.jpg,125117.51
image_1223.jpg,125145.72
image_1062.jpg,125349.59
image_1263.jpg,126188.32
image_0338.jpg,126599.4
image_1012.jpg,126896.61
image_0442.jpg,127059.12
image_1118.jpg,127572.47
image_0617.jpg,127647.82
image_0750.jpg,127682.53
image_0370.jpg,128120.88
image_0723.jpg,129291.77
image_0934.jpg,131452.61
image_0787.jpg,131610.91
image_0966.jpg,131930.29
image_0753.jpg,132282.58
image_0950.jpg,132485.4
image_0282.jpg,132914.66
image_1146.jpg,132916.05
image_1187.jpg,132938.65
image_1165.jpg,133207.04
image_0897.jpg,136684.78
image_0357.jpg,136798.05
image_1249.jpg,139313.97
image_0335.jpg,139580.24
image_0669.jpg,141580.77
image_1038.jpg,143844.78
image_0077.jpg,144045.1
image_1138.jpg,144611.88
image_0682.jpg,145201.9
image_1034.jpg,145248.58
image_0778.jpg,145501.07
image_1243.jpg,146103.43
image_0231.jpg,146152.59
image_0059.jpg,146231.31
image_0921.jpg,147660.83
image_0882.jpg,147772.02
image_0567.jpg,148123.7
image_0193.jpg,148321.88
image_0522.jpg,148764.37
image_0176.jpg,149603.23
image_0624.jpg,150550.12
image_0299.jpg,151247.76
image_0951.jpg,151436.47
image_0987.jpg,152345.5
image_0686.jpg,153834.77
image_0561.jpg,154454.32
image_1089.jpg,154958.55
image_1339.jpg,155099.59
image_1207.jpg,155176.37
image_1184.jpg,155459.37
image_0038.jpg,155762.66
image_1285.jpg,156496.15
image_0699.jpg,156870.79
image_1003.jpg,157116.45
image_0607.jpg,157354.23
image_0124.jpg,158318.35
image_0317.jpg,159122.84
image_0108.jpg,159864.63
image_0394.jpg,162002.27
image_1041.jpg,162027.64
image_0788.jpg,162153.75
image_0179.jpg,162422.81
image_0543.jpg,162766.79
image_0803.jpg,163024.42
image_1024.jpg,163135.06
image_0156.jpg,163140.52
image_0264.jpg,163665.41
image_0135.jpg,163859.48
image_0578.jpg,164720.82
image_1191.jpg,165685.18
image_0110.jpg,165943.0
image_0772.jpg,166287.71
image_0860.jpg,167053.73
image_0833.jpg,167066.48
image_0716.jpg,167891.92
image_1190.jpg,168017.38
image_0635.jpg,168666.3
image_0230.jpg,169155.3
image_0564.jpg,169170.63
image_0764.jpg,169246.6
image_1321.jpg,169771.19
image_0563.jpg,170151.41
image_0879.jpg,171301.86
image_1233.jpg,172320.32
image_1061.jpg,172986.09
image_0147.jpg,174350.55
image_0706.jpg,176521.37
image_0999.jpg,179324.83
image_0332.jpg,179737.13
image_0364.jpg,180539.77
image_0361.jpg,181254.4
image_1124.jpg,181452.76
image_0793.jpg,182225.26
image_0653.jpg,182686.47
image_0035.jpg,182963.3
image_0633.jpg,183300.26
image_0109.jpg,184837.78
image_0585.jpg,186963.78
image_0695.jpg,186984.6
image_0844.jpg,187073.55
image_0865.jpg,187730.36
image_1349.jpg,191403.23
image_0519.jpg,191597.83
image_1114.jpg,191607.54
image_1257.jpg,192775.15
image_0995.jpg,194171.28
image_1020.jpg,194260.01
image_0069.jpg,194812.07
image_0053.jpg,196331.43
image_0734.jpg,196831.63
image_0058.jpg,196950.98
image_0081.jpg,197706.07
image_0571.jpg,198666.81
image_1094.jpg,199073.17
image_0789.jpg,199084.79
image_0400.jpg,199472.24
image_0194.jpg,199836.67
image_0743.jpg,200469.5
image_0027.jpg,202065.29
image_0554.jpg,202146.54
image_0710.jpg,202557.63
image_0251.jpg,204037.48
image_0366.jpg,204533.4
image_1197.jpg,204880.04
image_1229.jpg,207419.21
image_1183.jpg,207706.24
image_0893.jpg,208368.14
image_0298.jpg,208627.5
image_0929.jpg,208730.33
image_0024.jpg,209567.45
image_0115.jpg,209856.9
image_1102.jpg,219308.69
image_1080.jpg,221496.49
image_0252.jpg,221566.82
image_0755.jpg,222204.76
image_1269.jpg,223475.55
image_0380.jpg,224783.72
image_0977.jpg,224987.14
image_1113.jpg,225161.86
image_0482.jpg,225478.67
image_0123.jpg,226499.97
image_0325.jpg,226888.43
image_0900.jpg,230189.09
image_1198.jpg,230908.41
image_1083.jpg,231679.27
image_0234.jpg,231905.96
image_1284.jpg,233056.1
image_1065.jpg,233611.37
image_0698.jpg,233804.96
image_0718.jpg,234516.86
image_0300.jpg,235051.75
image_0233.jpg,235942.94
image_0119.jpg,236174.18
image_1216.jpg,238451.17
image_1351.jpg,239530.18
image_0151.jpg,241135.28
image_0796.jpg,242408.48
image_0198.jpg,243112.03
image_0308.jpg,244686.63
image_0256.jpg,245660.06
image_0435.jpg,246165.93
image_0278.jpg,248075.96
image_1039.jpg,248330.68
image_0816.jpg,248541.95
image_0982.jpg,253700.33
image_1017.jpg,253810.07
image_0045.jpg,254185.9
image_0454.jpg,256544.88
image_0105.jpg,257673.33
image_0819.jpg,257789.17
image_1115.jpg,258474.74
image_0690.jpg,261750.59
image_1193.jpg,265211.12
image_0579.jpg,266376.83
image_1002.jpg,267506.74
image_0962.jpg,267560.49
image_1352.jpg,270641.48
image_0649.jpg,270708.9
image_0236.jpg,272249.21
image_0770.jpg,273478.51
image_0263.jpg,274168.73
image_1247.jpg,275100.2
image_0757.jpg,277112.07
image_1076.jpg,277232.02
image_1084.jpg,278529.7
image_0722.jpg,279891.39
image_0471.jpg,280547.94
image_0436.jpg,280627.71
image_0721.jpg,282059.93
image_1199.jpg,282976.96
image_0416.jpg,283363.75
image_0530.jpg,284642.09
image_0203.jpg,286841.01
image_0107.jpg,288487.87
image_0423.jpg,288986.25
image_0813.jpg,289566.34
image_0090.jpg,292704.3
image_0079.jpg,292977.9
image_0153.jpg,293455.67
image_1163.jpg,294377.49
image_1253.jpg,294552.24
image_0777.jpg,296383.25
image_0756.jpg,296412.86
image_0215.jpg,297073.18
image_0330.jpg,297169.87
image_0883.jpg,297530.54
image_0398.jpg,300195.44
image_0812.jpg,300578.11
image_0343.jpg,302104.59
image_0117.jpg,302249.26
image_1033.jpg,302357.41
image_1127.jpg,304371.82
image_0854.jpg,304415.34
image_0100.jpg,304836.57
image_0878.jpg,307223.42
image_0700.jpg,307801.24
image_0163.jpg,308162.98
image_1310.jpg,308185.86
image_1213.jpg,308526.93
image_0407.jpg,308548.04
image_1294.jpg,309881.31
image_1302.jpg,311085.27
image_1242.jpg,312101.37
image_1059.jpg,312238.44
image_0350.jpg,315268.89
image_1057.jpg,316096.49
image_0389.jpg,317539.48
image_0393.jpg,317595.15
image_1244.jpg,319190.73
image_0319.jpg,319565.64
image_0479.jpg,322876.17
image_0632.jpg,322892.39
image_0931.jpg,322939.81
image_0899.jpg,324227.28
image_0289.jpg,324961.11
image_0673.jpg,325219.17
image_0511.jpg,326045.97
image_0146.jpg,328959.73
image_0751.jpg,330458.29
image_0397.jpg,330857.36
image_0043.jpg,331000.29
image_0703.jpg,332208.18
image_0580.jpg,332269.09
image_0786.jpg,333677.17
image_0560.jpg,336491.6
image_0736.jpg,336666.33
image_0825.jpg,336758.28
image_0249.jpg,340242.19
image_1340.jpg,342017.72
image_1104.jpg,346379.44
image_0182.jpg,348664.15
image_0205.jpg,349281.35
image_1035.jpg,350509.14
image_1225.jpg,351909.21
image_0809.jpg,353003.1
image_1344.jpg,355923.75
image_0354.jpg,356886.79
image_0368.jpg,357203.9
image_1156.jpg,358708.63
image_0250.jpg,358809.24
image_0746.jpg,359872.68
image_0533.jpg,361309.06
image_0160.jpg,362277.54
image_1238.jpg,362292.85
image_1111.jpg,363310.63
image_0348.jpg,364478.79
image_0195.jpg,364606.85
image_0781.jpg,365260.33
image_0806.jpg,366281.22
image_0577.jpg,370067.48
image_0342.jpg,373999.44
image_0008.jpg,376006.19
image_0544.jpg,377552.3
image_1202.jpg,378632.71
image_0049.jpg,380877.91
image_1205.jpg,381843.18
image_0742.jpg,382261.17
image_0714.jpg,382810.54
image_1091.jpg,383329.3
image_1167.jpg,383424.93
image_1077.jpg,386802.24
image_0415.jpg,388558.61
image_0113.jpg,388626.89
image_0779.jpg,389133.26
image_1274.jpg,390028.61
image_0225.jpg,394427.4
image_0713.jpg,394858.32
image_0211.jpg,397343.73
image_0129.jpg,400694.31
image_0159.jpg,403499.68
image_0076.jpg,404136.16
image_0550.jpg,404655.78
image_0336.jpg,405939.9
image_0029.jpg,406441.07
image_0888.jpg,408286.2
image_0392.jpg,409184.15
image_0636.jpg,409576.2
image_0717.jpg,410769.02
image_0451.jpg,411001.25
image_0304.jpg,416925.07
image_0600.jpg,420022.09
image_0061.jpg,421987.25
image_0628.jpg,422300.65
image_0126.jpg,424134.01
image_1266.jpg,426152.4
image_0288.jpg,427628.65
image_0271.jpg,432566.51
image_1097.jpg,432656.65
image_0509.jpg,432835.34
image_0017.jpg,433793.53
image_0496.jpg,434489.31
image_1273.jpg,436392.11
image_1018.jpg,436695.22
image_0219.jpg,436774.05
image_0621.jpg,438235.69
image_0993.jpg,439497.86
image_0615.jpg,440835.61
image_1208.jpg,448725.92
image_1051.jpg,450052.25
image_0187.jpg,450760.39
image_0055.jpg,453131.33
image_0489.jpg,455775.83
image_0041.jpg,456767.24
image_0574.jpg,459647.38
image_1260.jpg,459835.33
image_0341.jpg,462808.88
image_0824.jpg,462931.79
image_0154.jpg,464400.54
image_0094.jpg,464436.69
image_0861.jpg,467647.68
image_1119.jpg,467860.27
image_0627.jpg,472953.29
image_1270.jpg,473774.64
image_1106.jpg,474473.02
image_1040.jpg,476887.33
image_0799.jpg,477251.0
image_0693.jpg,477361.32
image_1090.jpg,477395.65
image_1153.jpg,483516.33
image_1353.jpg,488041.48
image_0928.jpg,489443.88
image_1028.jpg,491573.86
image_0313.jpg,495713.32
image_0953.jpg,496817.54
image_0155.jpg,498356.54
image_1069.jpg,500689.38
image_1074.jpg,502123.06
image_0963.jpg,502649.57
image_0337.jpg,504889.14
image_1250.jpg,504936.53
image_1161.jpg,509717.23
image_0404.jpg,510480.35
image_0323.jpg,521361.59
image_0546.jpg,523121.03
image_1359.jpg,524714.72
image_1139.jpg,524736.44
image_0623.jpg,528394.41
image_1194.jpg,528443.93
image_0726.jpg,530462.06
image_1008.jpg,530828.13
image_0988.jpg,530848.52
image_1254.jpg,532359.13
image_0973.jpg,533632.95
image_0378.jpg,537535.5
image_0712.jpg,538255.38
image_0377.jpg,538336.26
image_0749.jpg,539335.15
image_0774.jpg,545759.17
image_0450.jpg,546081.68
image_0344.jpg,546099.95
image_0521.jpg,548405.35
image_0654.jpg,548573.64
image_0312.jpg,551595.24
image_0180.jpg,551597.53
image_1329.jpg,559230.74
image_1147.jpg,562257.64
image_0762.jpg,563942.0
image_0302.jpg,565263.99
image_0814.jpg,567125.41
image_0446.jpg,569924.44
image_0418.jpg,570652.16
image_0662.jpg,572305.25
image_1048.jpg,573217.57
image_0273.jpg,573566.2
image_1178.jpg,576640.13
image_0510.jpg,577569.37
image_0583.jpg,577830.24
image_0674.jpg,579907.12
image_0989.jpg,582749.42
image_1317.jpg,583280.85
image_0870.jpg,588146.14
image_0691.jpg,592548.13
image_0170.jpg,593413.76
image_0711.jpg,596496.69
image_0945.jpg,598387.25
image_0025.jpg,600606.7
image_0783.jpg,601803.89
image_1055.jpg,601888.33
image_0651.jpg,607116.96
image_0898.jpg,608041.06
image_0540.jpg,609545.58
image_1240.jpg,610152.58
image_0177.jpg,612504.03
image_1175.jpg,620955.26
image_0004.jpg,621239.53
image_1131.jpg,621325.41
image_1168.jpg,622927.72
image_1150.jpg,623609.98
image_1255.jpg,633835.36
image_0080.jpg,634545.16
image_0672.jpg,635525.61
image_0165.jpg,636191.97
image_0306.jpg,637114.62
image_0747.jpg,637268.55
image_0440.jpg,637428.71
image_0403.jpg,639246.32
image_0475.jpg,639300.59
image_0258.jpg,643899.41
image_0218.jpg,645345.46
image_0223.jpg,646146.84
image_0709.jpg,648592.73
image_0329.jpg,649693.58
image_0985.jpg,650282.82
image_0173.jpg,650603.75
image_0422.jpg,654502.09
image_0469.jpg,654532.37
image_0003.jpg,654558.11
image_1125.jpg,654642.95
image_1256.jpg,659054.7
image_0834.jpg,665280.58
image_0838.jpg,668712.18
image_0866.jpg,668987.26
image_0514.jpg,671632.96
image_1228.jpg,673727.67
image_0433.jpg,686285.27
image_0470.jpg,686474.59
image_0269.jpg,686811.72
image_0923.jpg,691177.31
image_1288.jpg,694732.46
image_0730.jpg,696059.41
image_0807.jpg,698974.54
image_1358.jpg,698988.14
image_1272.jpg,704667.8
image_0907.jpg,704905.35
image_0863.jpg,705657.42
image_0551.jpg,709091.28
image_0408.jpg,713044.11
image_0694.jpg,715271.8
image_0131.jpg,715353.09
image_0707.jpg,715562.68
image_0839.jpg,715743.76
image_1070.jpg,719944.9
image_0670.jpg,726878.32
image_0026.jpg,746363.64
image_1218.jpg,747064.9
image_0960.jpg,749130.35
image_0136.jpg,753159.18
image_0643.jpg,753748.87
image_0524.jpg,760355.26
image_1185.jpg,760877.32
image_0268.jpg,762737.05
image_0508.jpg,770802.49
image_0840.jpg,771152.48
image_0150.jpg,785000.87
image_1350.jpg,785020.24
image_0444.jpg,785272.42
image_0680.jpg,785653.7
image_0214.jpg,787454.28
image_0128.jpg,789166.35
image_0851.jpg,799740.98
image_0425.jpg,799829.13
image_0453.jpg,802965.12
image_0439.jpg,803045.98
image_1120.jpg,803247.26
image_0005.jpg,811160.9
image_0015.jpg,811320.24
image_0547.jpg,812167.22
image_1346.jpg,814064.01
image_0012.jpg,818183.51
image_0531.jpg,820197.11
image_0986.jpg,824974.33
image_0237.jpg,826741.41
image_0665.jpg,827623.77
image_1007.jpg,829310.07
image_0618.jpg,832359.92
image_1099.jpg,833987.8
image_0305.jpg,834256.52
image_1064.jpg,845122.26
image_0184.jpg,855576.33
image_0362.jpg,867321.9
image_1140.jpg,867491.31
image_0412.jpg,868789.31
image_1279.jpg,869860.74
image_0303.jpg,870646.29
image_1355.jpg,888250.2
image_0190.jpg,889613.24
image_0565.jpg,891476.31
image_0235.jpg,894863.44
image_0486.jpg,895229.89
image_0678.jpg,895890.09
image_1180.jpg,925833.57
image_1195.jpg,941081.22
image_0724.jpg,949324.87
image_0957.jpg,958582.5
image_0842.jpg,959239.41
image_0480.jpg,965657.91
image_0502.jpg,966577.4
image_0272.jpg,970173.48
image_0667.jpg,973054.48
image_0613.jpg,977484.34
image_1268.jpg,978413.71
image_0347.jpg,979698.98
image_1189.jpg,981468.94
image_1050.jpg,982536.51
image_0265.jpg,985009.97
image_0072.jpg,985720.3
image_0924.jpg,988251.0
image_0355.jpg,991445.76
image_1085.jpg,1004879.61
image_1278.jpg,1009244.67
image_0906.jpg,1013543.59
image_0926.jpg,1014874.67
image_0099.jpg,1017049.53
image_0281.jpg,1019892.56
image_0971.jpg,1020849.75
image_1333.jpg,1023646.29
image_0174.jpg,1033901.72
image_0379.jpg,1037451.65
image_0954.jpg,1037887.22
image_0877.jpg,1046936.57
image_1252.jpg,1050020.92
image_0913.jpg,1052681.54
image_1043.jpg,1053180.97
image_1281.jpg,1062734.02
image_0725.jpg,1065037.96
image_0346.jpg,1067401.34
image_0512.jpg,1082448.94
image_1206.jpg,1087481.33
image_1232.jpg,1087642.8
image_0605.jpg,1090253.52
image_1309.jpg,1092910.73
image_0984.jpg,1094801.22
image_0503.jpg,1095217.57
image_0622.jpg,1096097.7
image_1027.jpg,1096384.85
image_1320.jpg,1096711.57
image_1230.jpg,1113852.7
image_0729.jpg,1114229.73
image_0172.jpg,1118194.75
image_0759.jpg,1122449.26
image_0390.jpg,1123444.89
image_0884.jpg,1130206.19
image_0532.jpg,1133094.09
image_0835.jpg,1141545.41
image_0488.jpg,1152552.11
image_1251.jpg,1188456.99
image_0371.jpg,1191356.11
image_0916.jpg,1200072.87
image_0286.jpg,1203339.1
image_0683.jpg,1221415.03
image_0372.jpg,1221913.19
image_0143.jpg,1224815.4
image_1334.jpg,1226131.92
image_0702.jpg,1238111.6
image_0658.jpg,1240472.16
image_1071.jpg,1242488.79
image_0589.jpg,1243453.56
image_1304.jpg,1244978.49
image_1042.jpg,1251334.38
image_0290.jpg,1253008.27
image_0837.jpg,1254848.73
image_0909.jpg,1256668.6
image_1283.jpg,1258374.24
image_1173.jpg,1268352.36
image_1154.jpg,1268663.96
image_0255.jpg,1269653.74
image_0164.jpg,1299364.8
image_0659.jpg,1299531.24
image_0935.jpg,1302614.85
image_1128.jpg,1320156.53
image_0106.jpg,1322643.33
image_0064.jpg,1354302.23
image_0102.jpg,1356706.06
image_0037.jpg,1363445.89
image_0428.jpg,1367701.29
image_1116.jpg,1375920.46
image_0728.jpg,1377106.87
image_1086.jpg,1380416.75
image_0429.jpg,1390441.51
image_0460.jpg,1391217.12
image_0445.jpg,1398421.68
image_0748.jpg,1401982.56
image_0385.jpg,1406666.3
image_1009.jpg,1418258.18
image_0586.jpg,1418541.32
image_1276.jpg,1420652.79
image_0536.jpg,1424556.03
image_0584.jpg,1426033.65
image_1196.jpg,1435395.85
image_1047.jpg,1441747.98
image_0188.jpg,1450815.73
image_1079.jpg,1459115.04
image_0253.jpg,1466956.89
image_0959.jpg,1468771.76
image_1301.jpg,1487260.77
image_0311.jpg,1492959.88
image_0831.jpg,1507230.26
image_0776.jpg,1511562.76
image_0515.jpg,1519935.46
image_1343.jpg,1521638.64
image_1144.jpg,1522267.02
image_0204.jpg,1523460.65
image_1290.jpg,1532792.72
image_0356.jpg,1536406.3
image_0455.jpg,1540762.15
image_1203.jpg,1540987.68
image_0410.jpg,1541132.95
image_1261.jpg,1545905.57
image_0324.jpg,1570297.74
image_1204.jpg,1580454.23
image_0534.jpg,1580993.02
image_1096.jpg,1589278.92
image_0443.jpg,1594311.14
image_0424.jpg,1594312.81
image_0227.jpg,1601447.04
image_0395.jpg,1604843.96
image_0657.jpg,1616381.57
image_0103.jpg,1616447.81
image_0656.jpg,1631040.7
image_0930.jpg,1642083.53
image_1234.jpg,1644023.66
image_0441.jpg,1646285.73
image_0758.jpg,1663727.99
image_0969.jpg,1672220.68
image_1022.jpg,1685022.24
image_1117.jpg,1695704.58
image_0998.jpg,1697670.79
image_0266.jpg,1715193.82
image_1347.jpg,1720429.3
image_0769.jpg,1734046.12
image_0572.jpg,1734388.77
image_0771.jpg,1750153.78
image_1101.jpg,1752949.23
image_0196.jpg,1760187.77
image_0525.jpg,1772933.73
image_0936.jpg,1778628.69
image_0775.jpg,1791973.21
image_0178.jpg,1817427.87
image_1160.jpg,1830224.46
image_1186.jpg,1835463.21
image_1318.jpg,1836814.16
image_1016.jpg,1842289.83
image_0968.jpg,1851638.37
image_0279.jpg,1858230.67
image_0360.jpg,1861737.98
image_0285.jpg,1907632.63
image_0911.jpg,1907997.87
image_1219.jpg,1927441.41
image_0481.jpg,1928264.66
image_0413.jpg,1940501.75
image_0456.jpg,1940961.83
image_1328.jpg,1942493.05
image_0381.jpg,1951393.53
image_0745.jpg,1952496.51
image_0885.jpg,1961109.65
image_0671.jpg,1965225.81
image_0997.jpg,1966266.79
image_0267.jpg,1969501.09
image_1123.jpg,1972199.84
image_1177.jpg,1975126.27
image_0648.jpg,1983890.79
image_0961.jpg,1985610.64
image_0744.jpg,1998445.17
image_0681.jpg,2009313.86
image_0915.jpg,2016906.94
image_1307.jpg,2029539.51
image_1049.jpg,2029971.09
image_1360.jpg,2044239.68
image_0642.jpg,2051757.27
image_1130.jpg,2099433.21
image_1298.jpg,2100397.72
image_0406.jpg,2102613.05
image_0857.jpg,2112501.27
image_0933.jpg,2113324.51
image_0374.jpg,2115432.02
image_0301.jpg,2119874.84
image_0644.jpg,2122466.15
image_0238.jpg,2161022.32
image_1326.jpg,2177328.21
image_0328.jpg,2191726.67
image_0498.jpg,2218287.22
image_1100.jpg,2231231.45
image_1000.jpg,2232459.73
image_0331.jpg,2242273.33
image_1224.jpg,2247175.65
image_0891.jpg,2250198.5
image_0679.jpg,2259836.43
image_0087.jpg,2262393.07
image_0321.jpg,2267791.18
image_0792.jpg,2275921.15
image_0247.jpg,2285108.14
image_0262.jpg,2286013.79
image_0242.jpg,2291512.74
image_0248.jpg,2304388.26
image_0766.jpg,2318486.73
image_0484.jpg,2319164.49
image_1174.jpg,2319302.28
image_1044.jpg,2326834.48
image_1019.jpg,2327861.81
image_0592.jpg,2328670.33
image_0206.jpg,2351473.36
image_1267.jpg,2353639.73
image_1313.jpg,2360809.07
image_0134.jpg,2362056.64
image_0965.jpg,2371828.12
image_0634.jpg,2398461.17
image_0083.jpg,2400388.57
image_0009.jpg,2418630.82
image_0523.jpg,2425071.69
image_0980.jpg,2429388.88
image_0972.jpg,2435940.98
image_0983.jpg,2435961.99
image_0307.jpg,2449102.57
image_0212.jpg,2449484.02
image_0462.jpg,2449951.81
image_1001.jpg,2454384.47
image_0732.jpg,2456667.46
image_0221.jpg,2459477.95
image_0157.jpg,2464995.61
image_1221.jpg,2477691.32
image_0232.jpg,2480214.39
image_0733.jpg,2480500.95
image_0708.jpg,2482847.69
image_0224.jpg,2484651.29
image_0082.jpg,2492055.61
image_0505.jpg,2493755.97
image_0504.jpg,2509361.73
image_0140.jpg,2509739.41
image_0518.jpg,2517730.27
image_1073.jpg,2546372.16
image_0243.jpg,2546425.0
image_0138.jpg,2560911.65
image_0548.jpg,2570158.99
image_0175.jpg,2579884.74
image_0872.jpg,2580416.19
image_0660.jpg,2596240.36
image_0125.jpg,2611104.47
image_0241.jpg,2626113.24
image_0270.jpg,2637965.66
image_0641.jpg,2643819.12
image_0477.jpg,2643979.63
image_1109.jpg,2648009.01
image_1212.jpg,2651208.69
image_0052.jpg,2661181.65
image_1305.jpg,2668225.44
image_0542.jpg,2682127.07
image_1322.jpg,2685401.27
image_0274.jpg,2686578.58
image_0018.jpg,2687384.36
image_0970.jpg,2699418.11
image_0791.jpg,2715223.74
image_0340.jpg,2722162.32
image_0240.jpg,2750772.75
image_1192.jpg,2757365.81
image_0538.jpg,2784309.73
image_1227.jpg,2801392.45
image_1315.jpg,2806703.47
image_0517.jpg,2810736.16
image_0991.jpg,2815890.19
image_0556.jpg,2833755.04
image_0979.jpg,2867916.2
image_1141.jpg,2896710.04
image_1289.jpg,2909858.84
image_0183.jpg,2956446.11
image_0958.jpg,2968558.24
image_0646.jpg,2979013.01
image_0367.jpg,3056235.45
image_0704.jpg,3078454.53
image_0320.jpg,3078804.19
image_0287.jpg,3100123.04
image_1312.jpg,3108833.82
image_0767.jpg,3161130.87
image_1021.jpg,3163510.7
image_0152.jpg,3173140.84
image_0419.jpg,3210178.71
image_0466.jpg,3220001.41
image_0192.jpg,3221404.74
image_1054.jpg,3230928.22
image_0244.jpg,3272332.26
image_0463.jpg,3296305.32
image_1143.jpg,3330990.58
image_0735.jpg,3357675.75
image_1152.jpg,3405268.16
image_1171.jpg,3405731.69
image_0478.jpg,3421883.35
image_0927.jpg,3456605.3
image_0458.jpg,3538130.28
image_0275.jpg,3579122.41
image_1053.jpg,3583028.64
image_0520.jpg,3610040.28
image_0431.jpg,3652240.16
image_1237.jpg,3656631.34
image_0448.jpg,3709394.16
image_0887.jpg,3732296.65
image_0295.jpg,3749254.51
image_0417.jpg,3760806.26
image_1032.jpg,3772016.54
image_0401.jpg,3814796.34
image_1095.jpg,3959152.19
image_0829.jpg,3997218.61
image_0516.jpg,4014706.17
image_0280.jpg,4056793.94
image_1291.jpg,4069487.86
image_0740.jpg,4123302.48
image_0260.jpg,4252109.89
image_0631.jpg,4329728.87
image_1295.jpg,4374742.39
image_0373.jpg,4426785.2
image_1341.jpg,4644680.9
image_1345.jpg,4693166.11
image_0645.jpg,4702568.02
image_1030.jpg,4745468.12
image_0351.jpg,4784623.23
image_0661.jpg,4822762.56
image_1293.jpg,4866794.94
image_0864.jpg,4905370.75
image_0940.jpg,5001907.09
image_1046.jpg,5033185.39
image_0168.jpg,5102251.24
image_0189.jpg,5187109.81
image_0310.jpg,5268619.13
image_0476.jpg,5320265.92
image_0405.jpg,5320344.27
image_0889.jpg,5362565.42
image_0309.jpg,5457721.97
image_0675.jpg,5677527.58
image_1056.jpg,5929334.48
image_0293.jpg,5971980.08
image_0086.jpg,6007810.57
image_0399.jpg,6009540.07
image_0217.jpg,6251851.84
image_1324.jpg,6366160.9
image_0981.jpg,6586601.84
image_1005.jpg,6629132.45
image_0908.jpg,6669829.26
image_0932.jpg,6670879.46
image_0426.jpg,6707280.73
image_1182.jpg,6754745.82
image_0890.jpg,6858765.02
image_0369.jpg,6901787.58
image_1093.jpg,7098652.99
image_1149.jpg,7144814.76
image_0559.jpg,7271039.42
image_0784.jpg,7310104.19
image_0229.jpg,7335094.81
image_0666.jpg,7380430.12
image_0871.jpg,7726561.86
image_0655.jpg,7732007.61
image_0474.jpg,8080358.87
image_0437.jpg,8081658.67
image_0687.jpg,8191872.38
image_1159.jpg,8276425.11
image_0606.jpg,8399598.93
image_1311.jpg,8553720.9
image_1327.jpg,8554291.41
image_0472.jpg,8601394.81
image_0402.jpg,8605720.95
image_0434.jpg,8701992.58
image_0467.jpg,8704759.61
image_1335.jpg,9312017.5
image_0976.jpg,9404326.14
image_1092.jpg,9461764.29
image_1297.jpg,9878915.23
image_0294.jpg,10083069.35
image_0701.jpg,10222604.89
image_0780.jpg,10371346.79
image_0917.jpg,10938918.59
image_0409.jpg,11280088.1
image_0640.jpg,11689144.64
image_1025.jpg,12318567.1
image_1338.jpg,12368994.09
image_0148.jpg,12443841.11
image_1330.jpg,12864872.91
image_0782.jpg,13847328.58
image_0254.jpg,13916983.3
image_0220.jpg,13966277.79
image_0539.jpg,14033578.0
image_0201.jpg,14052157.3
image_0664.jpg,14061101.45
image_0630.jpg,14170253.91
image_0492.jpg,14201144.74
image_0473.jpg,14285118.44
image_0414.jpg,14311808.37
image_0464.jpg,14314431.38
image_0459.jpg,14521226.65
image_0427.jpg,14521554.98
image_0284.jpg,14792394.56
image_1280.jpg,14851114.12
image_0438.jpg,15203591.55
image_0209.jpg,15213148.86
image_0226.jpg,16609749.69
image_0663.jpg,17062237.29
